noise_regime,objective,seed,eval_accuracy,eval_ece,eval_brier,eval_nll
clean,kl,0,0.7085,0.033068601056933426,0.40146076679229736,0.828046441078186
clean,gce,0,0.4875,0.29536762177944187,0.7762437462806702,2.176435708999634
