noise_regime,objective,seed,eval_accuracy,eval_ece,eval_brier,eval_nll
clean,kl,0,0.928,0.014576304733753234,0.1099860817193985,0.22078841924667358
clean,gce,0,0.9165,0.0427752261906862,0.12762796878814697,0.30434009432792664
clean,mae,0,0.9085,0.06403623026609417,0.15550383925437927,0.46059370040893555
clean,sce,0,0.907,0.0683167488947511,0.16298620402812958,0.5460166335105896
clean,hellinger,0,0.9285,0.026388525009155256,0.11654600501060486,0.25348275899887085
clean,fisher_rao,0,0.927,0.035747853443026584,0.1125263199210167,0.2583135962486267
