task,dataset,regularizer,beta,seed,eval_loss,eval_reconstruction,eval_regularization,eval_bce_per_pixel,eval_mse,eval_mean_norm,eval_variance_mean,eval_posterior_entropy_proxy,eval_active_units,eval_latent_knn_accuracy,eval_latent_linear_accuracy,eval_latent_silhouette,eval_aggregated_posterior_mmd,eval_sample_pixel_variance,eval_sample_test_mmd,eval_sample_test_nn_distance,eval_reconstruction_train_nn_distance,eval_noise_0.25_dropout_0_bce_per_pixel,eval_noise_0.25_dropout_0_mse,eval_noise_0.5_dropout_0_bce_per_pixel,eval_noise_0.5_dropout_0_mse,eval_noise_0_dropout_0.25_bce_per_pixel,eval_noise_0_dropout_0.25_mse,eval_noise_0_dropout_0.5_bce_per_pixel,eval_noise_0_dropout_0.5_mse,eval_stable,eval_completed_epochs,eval_max_grad_norm
vae,mnist,kl,1.0,101,499.0858154296875,498.6414794921875,0.4443292021751404,0.6360222697257996,0.20314420759677887,0.851296067237854,0.882917046546936,-0.12835600972175598,4.0,0.34375,0.234375,-0.11240892112255096,0.4448496622060546,0.0022519787307828665,0.7952075461336049,12.406807132065296,12.298789523541927,0.6356157660484314,0.20295175909996033,0.6320670247077942,0.20121924579143524,0.6365681290626526,0.20340374112129211,0.636907160282135,0.2035655975341797,1.0,1,62.61885070800781
vae,mnist,fisher_rao,0.3,101,498.7646484375,498.47076416015625,0.9796585440635681,0.6358045339584351,0.20304018259048462,0.8744365572929382,0.884647011756897,-0.12663334608078003,4.0,0.3203125,0.2421875,-0.12683776021003723,0.4450536043127503,0.002245191019028425,0.7952999793422414,12.405033074319363,12.284379996359348,0.6353042125701904,0.20280253887176514,0.63169926404953,0.20104461908340454,0.636437714099884,0.2033414989709854,0.636760413646698,0.20349524915218353,1.0,1,62.5443115234375
vae,mnist,fisher_rao,1.0,101,499.2984313964844,498.494140625,0.8042871952056885,0.6358343362808228,0.20305384695529938,0.7907317876815796,0.8953024744987488,-0.1136719286441803,4.0,0.296875,0.21875,-0.11665017902851105,0.44653459247265803,0.002250676043331623,0.7953154633982176,12.40501656383276,12.288257516920567,0.6353833079338074,0.2028418332338333,0.6318434476852417,0.20111297070980072,0.636390209197998,0.2033190131187439,0.6367829442024231,0.2035066932439804,1.0,1,62.1664924621582
