task,dataset,regularizer,beta,seed,epoch,step,grad_norm,loss,reconstruction,regularization
vae,mnist,kl,1.0,101,0,0,62.61885070800781,552.267761,552.234924,0.032832
vae,mnist,kl,1.0,101,0,1,62.61885070800781,525.781189,525.613464,0.167745
vae,mnist,fisher_rao,0.3,101,0,0,62.5443115234375,552.165283,552.145264,0.066659
vae,mnist,fisher_rao,0.3,101,0,1,62.5443115234375,525.934509,525.821289,0.377469
vae,mnist,fisher_rao,1.0,101,0,0,62.1664924621582,552.13916,552.073853,0.065315
vae,mnist,fisher_rao,1.0,101,0,1,62.1664924621582,525.680847,525.336914,0.343912
